/*==============================================================*/
/* SCRIPT : Création du Modèle de Données Sans Contraites       */
/*==============================================================*/


/*
DROP TABLE BATEAU CASCADE CONSTRAINTS ;
DROP TABLE COMPETITION CASCADE CONSTRAINTS ; 
DROP TABLE COURSES CASCADE CONSTRAINTS   ;
DROP TABLE PARTICIPANTS CASCADE CONSTRAINTS  ;
*/
/*==============================================================*/
/* Table : BATEAU                                               */
/*==============================================================*/

CREATE TABLE BATEAU (
    nbat    NUMBER(3)  ,
	nombat  VARCHAR2(40) ,
	sponsor VARCHAR2(40)  );

/*==============================================================*/
/* Table : COMPETITION                                              */
/*==============================================================*/
CREATE TABLE COMPETITION (
      ncomp     NUMBER(3)    ,
	  nomcomp   VARCHAR2(40) ,
      datcomp   DATE          ,
      prixcomp  NUMBER(7)     
);

/*==============================================================*/
/* Table : COURSES                                              */
/*==============================================================*/
CREATE TABLE COURSES (
	nbat  NUMBER(3)  ,
	ncomp NUMBER(3)   ,
	score NUMBER(3)  
);

/*==============================================================*/
/* Table : PARTICIPANTS                                               */
/*==============================================================*/
CREATE TABLE PARTICIPANTS (
    npart   NUMBER(3)    ,
    nompart VARCHAR2(40)  ,
    nbat    NUMBER(3)  
);

/*==============================================================*/
/* BATEAU                                        */
/*==============================================================*/
INSERT INTO BATEAU (nbat , nombat , sponsor) VALUES (102 , 'TASSILI' , 'DJEZZY') ;
INSERT INTO BATEAU (nbat , nombat , sponsor) VALUES (103 , 'El BAHDJA' , 'BNA') ;
INSERT INTO BATEAU (nbat , nombat , sponsor) VALUES (104 , 'LA COLOMBE' , 'NEDJMA') ;
INSERT INTO BATEAU (nbat , nombat , sponsor) VALUES (105 , 'HOGGAR' , 'BNA') ;


/*==============================================================*/
/* COMPETITION                                               */
/*==============================================================*/
INSERT INTO COMPETITION (ncomp , nomcomp , datcomp , prixcomp) VALUES (200 , 'LE GRAND TOUR' , '21/03/200' , 1000000) ;
INSERT INTO COMPETITION (ncomp , nomcomp , datcomp , prixcomp) VALUES (210 , 'COURSE DE LA LIBERTE' , '05/05/2004' , 1000000) ;
INSERT INTO COMPETITION (ncomp , nomcomp , datcomp , prixcomp) VALUES (215 , 'LE GRAND TOUR' , '20/03/2005' , 1100000) ;
INSERT INTO COMPETITION (ncomp , nomcomp , datcomp , prixcomp) VALUES (220 , 'TROPHEE BARBEROUSSE' , '01/08/2005' , 1500000) ;
INSERT INTO COMPETITION (ncomp , nomcomp , datcomp , prixcomp) VALUES (240 , 'COURSE DE LA LIBERTE' , '10/05/2007' , 1500000) ;
INSERT INTO COMPETITION (ncomp , nomcomp , datcomp , prixcomp) VALUES (260 , 'TROPHEE BARBEROUSSE' , '01/08/2009' , 2000000) ;
INSERT INTO COMPETITION (ncomp , nomcomp , datcomp , prixcomp) VALUES (265 , 'LE GRAND TOUR' , '21/03/2010' , 2000000) ;
INSERT INTO COMPETITION (ncomp , nomcomp , datcomp , prixcomp)VALUES (270 , 'COURSE DE LA LIBERTE' , '08/05/2010' , 1800000) ;

/*==============================================================*/
/* COURSES                                               */
/*==============================================================*/
INSERT INTO COURSES (nbat , ncomp , score) VALUES (102 , 210 , 2) ;
INSERT INTO COURSES (nbat , ncomp , score) VALUES (102 , 240 , 1) ;
INSERT INTO COURSES (nbat , ncomp , score) VALUES (102 , 270 , 4) ;
INSERT INTO COURSES (nbat , ncomp , score) VALUES (103 , 210 , 4) ;
INSERT INTO COURSES (nbat , ncomp , score) VALUES (103 , 215 , 3) ;
INSERT INTO COURSES (nbat , ncomp , score) VALUES (104 , 210 , 1) ;
INSERT INTO COURSES (nbat , ncomp , score) VALUES (104 , 215 , 2) ;
INSERT INTO COURSES (nbat , ncomp , score) VALUES (104 , 220 , 4) ;
INSERT INTO COURSES (nbat , ncomp , score) VALUES (104 , 240 , 3) ;
INSERT INTO COURSES (nbat , ncomp , score) VALUES (104 , 260 , 5) ;
INSERT INTO COURSES (nbat , ncomp , score) VALUES (104 , 265 , 1) ;
INSERT INTO COURSES (nbat , ncomp , score) VALUES (104 , 270 , 3) ;
INSERT INTO COURSES (nbat , ncomp , score) VALUES (105 , 210 , 3) ;
INSERT INTO COURSES (nbat , ncomp , score) VALUES (105 , 215 , 1) ;

/*==============================================================*/
/* PARTICIPANTS                                               */
/*==============================================================*/
INSERT INTO PARTICIPANTS VALUES (320 , 'MOHAMMED' , 104) ;
INSERT INTO PARTICIPANTS VALUES (470 , 'ALI' , 103) ;
INSERT INTO PARTICIPANTS VALUES (601 , 'OMAR' , 102) ;
INSERT INTO PARTICIPANTS VALUES (720 , 'MUSTAFA' , 105) ;

/*==============================================================*/
/* COMMIT                                                       */
/*==============================================================*/

COMMIT ;